"Title","Subtitle","CELEX number","Current consolidated version","Latest consolidated version","LP_Legal basis","ELI","Form","ECLI identifier","Legal basis","Transposed legal act(s)","Rectified by","Type of procedure","Collection of the document","Date of document","Date of publication","Author","Date of effect","Date of end of validity","Date of transposition","Applicant/Appellant","Defendant/Other parties to the proceedings","In force indicator","Publication Reference",
"THE MULTILINGUAL INFORMATION SOCIETY - COMMUNICATION FROM THE COMMISSION","/* COM/95/486 FINAL */","51995DC0486","","","","","Communication","","","","","","ALL_ALL, EU_LAW_ALL, PRE_ACTS","1995-11-08","","European Commission","","No end date","","","","","",
"European Parliament","","","","","","","Provisional data","","","","","","ALL_ALL, PUBLISHED_IN_OJ","1994-11-28","1994-11-28","Not available","","","","","","","OJ C 332, 28/11/1994, p. 1–59
		 (ES, DA, DE, EL, EN, FR, IT, NL, PT)",
"List of documents forwarded by the Commission to the Council during the period 19 to 23. 9. 1994","","","","","","","Provisional data","","","","","","ALL_ALL, PUBLISHED_IN_OJ","1994-10-04","1994-10-04","Not available","","","","","","","OJ C 277, 04/10/1994, p. 3–5
		 (ES, DA, DE, EL, EN, FR, IT, NL, PT)",
"COMMUNICATION FROM THE COMMISSION TO THE COUNCIL AND THE EUROPEAN PARLIAMENT Final evaluation of the results of Eurotra: a specific programme concerning the preparation of the development of an operational Eurotra system for Machine Translation","/* COM/1994/69 FINAL */","51994DC0069","","","","","Communication","","https://eur-lex.europa.eu/legal-content/AUTO/?uri=CELEX:31975L0442, https://eur-lex.europa.eu/legal-content/AUTO/?uri=CELEX:31991L0689","","","","ALL_ALL, EU_LAW_ALL, PRE_ACTS","1994-09-21","","European Commission","","No end date","","","","","",
"COMMISSION REPORT ON COORDINATION OF THE ACTIVITIES IN FAVOUR OF SMALL AND MEDIUM-SIZED ENTERPRISES (SMEs)","/* COM/94/221FINAL */","51994DC0221(02)","","","","","Report","","","","","","ALL_ALL, EU_LAW_ALL, PRE_ACTS","1994-09-07","","European Commission","","No end date","","","","","",
"FOURTH COMMISSION ACTIVITY REPORT ON ENTERPRISE POLICY - YEAR 1993","/* COM/94/221FINAL */","51994DC0221(01)","","","","","Report","","","","","","ALL_ALL, EU_LAW_ALL, PRE_ACTS","1994-09-07","","European Commission","","No end date","","","","","",
"European economic interest grouping — Notices published pursuant to Council Regulation (EEC) No 2137/85 of 25 July 1985 — Formation","","","","","","","Provisional data","","","","","","ALL_ALL, PUBLISHED_IN_OJ","1993-07-31","1993-07-31","Not available","","","","","","","OJ C 208, 31/07/1993, p. 22–22
		 (ES, DA, DE, EL, EN, FR, IT, NL, PT)",
"ALEP system — Call for tenders for distribution, maintenance and support of the ALEP system","","","","","","","Provisional data","","","","","","ALL_ALL, PUBLISHED_IN_OJ","1993-07-31","1993-07-31","Not available","","","","","","","OJ C 208, 31/07/1993, p. 22–23
		 (ES, DA, DE, EL, EN, FR, IT, NL, PT)",
"Minutes of the sitting of Thurday, 21 January 1993","","","","","","","Provisional data","","","","","","ALL_ALL, PUBLISHED_IN_OJ","1993-02-15","1993-02-15","Not available","","","","","","","OJ C 42, 15/02/1993, p. 145–198
		 (ES, DA, DE, EL, EN, FR, IT, NL, PT)",
"92/41/EEC, Euratom, ECSC: Final Adoption of the general budget of the European Communities for the financial year 1992","","31992B0041","","","","","Budget","","https://eur-lex.europa.eu/legal-content/AUTO/?uri=CELEX:11975R, https://eur-lex.europa.eu/legal-content/AUTO/?uri=CELEX:11957A177, https://eur-lex.europa.eu/legal-content/AUTO/?uri=CELEX:41988A0715(01), https://eur-lex.europa.eu/legal-content/AUTO/?uri=CELEX:11951K078, https://eur-lex.europa.eu/legal-content/AUTO/?uri=CELEX:11957E203, https://eur-lex.europa.eu/legal-content/AUTO/?uri=CELEX:31977Q1231","","","","ALL_ALL, EU_LAW_ALL, LEGISLATION, PUBLISHED_IN_OJ","1991-12-18","1992-02-03","European Parliament","1992-01-01","1992-12-31","","","","false","OJ L 26, 03/02/1992, p. 1–1575
		 (ES, DA, DE, EL, EN, FR, IT, NL, PT)",
"Written Questions with answer","","","","","","","Provisional data","","","","","","ALL_ALL, PUBLISHED_IN_OJ","1991-09-16","1991-09-16","Not available","","","","","","","OJ C 241, 16/09/1991, p. 1–45
		 (ES, DA, DE, EL, EN, FR, IT, NL, PT)",
"Call for proposals for the Specific Programme of research and technology development in the field of Telematic Systems of General Interest","","","","","","","Provisional data","","","","","","ALL_ALL, PUBLISHED_IN_OJ","1991-08-21","1991-08-21","Not available","","","","","","","OJ C 218, 21/08/1991, p. 6–7
		 (ES, DA, DE, EL, EN, FR, IT, NL, PT)",
"91/353/EEC: Council Decision of 7 June 1991 adopting a specific programme of research and technological development in the field of telematic systems in areas of general interest (1990 to 1994)","","31991D0353","","","","http://data.europa.eu/eli/dec/1991/353/oj","Decision","","https://eur-lex.europa.eu/legal-content/AUTO/?uri=CELEX:11957E149, https://eur-lex.europa.eu/legal-content/AUTO/?uri=CELEX:11957E130Q","","","","ALL_ALL, EU_LAW_ALL, LEGISLATION, PUBLISHED_IN_OJ","1991-06-07","1991-07-16","Council of the European Union","1991-07-05, 1991-06-07","1994-12-31","","","","false","OJ L 192, 16/07/1991, p. 18–28
		 (ES, DA, DE, EL, EN, FR, IT, NL, PT)",
"Special report No 2/91 on the utilization of the results of Community research work accompanied by the replies of the Commission","","31991Y0523(05)","","","","","Special report","","https://eur-lex.europa.eu/legal-content/AUTO/?uri=CELEX:11951K","","","","ALL_ALL, EU_LAW_ALL, LEGISLATION, PUBLISHED_IN_OJ","1991-05-23","1991-05-23","European Court of Auditors","1991-05-23","No end date","","","","true","OJ C 133, 23/05/1991, p. 1–46
		 (ES, DA, DE, EL, EN, FR, IT, NL, PT)",
"Call for tenders — software development, support and maintenance services within the framework of the Eurotra programme (1991 to 1992)","","","","","","","Provisional data","","","","","","ALL_ALL, PUBLISHED_IN_OJ","1991-03-08","1991-03-08","Not available","","","","","","","OJ C 59, 08/03/1991, p. 14–15
		 (ES, DA, DE, EL, EN, FR, IT, NL, PT)",
"Calls for proposals — linguistic research of general interest in the framework of Eurotra","","","","","","","Provisional data","","","","","","ALL_ALL, PUBLISHED_IN_OJ","1991-03-08","1991-03-08","Not available","","","","","","","OJ C 59, 08/03/1991, p. 16–16
		 (ES, DA, DE, EL, EN, FR, IT, NL, PT)",
"Minutes of the sitting of Thursday, 13 December 1990","","","","","","","Provisional data","","","","","","ALL_ALL, PUBLISHED_IN_OJ","1991-01-28","1991-01-28","Not available","","","","","","","OJ C 19, 28/01/1991, p. 206–566
		 (ES, DA, DE, EL, EN, FR, IT, NL, PT)",
"Written Questions with answer","","","","","","","Provisional data","","","","","","ALL_ALL, PUBLISHED_IN_OJ","1990-12-24","1990-12-24","Not available","","","","","","","OJ C 325, 24/12/1990, p. 1–48
		 (ES, DA, DE, EL, EN, FR, IT, NL, PT)",
"Minutes of the sitting of Thursday, 22 November 1990","","","","","","","Provisional data","","","","","","ALL_ALL, PUBLISHED_IN_OJ","1990-12-24","1990-12-24","Not available","","","","","","","OJ C 324, 24/12/1990, p. 186–316
		 (ES, DA, DE, EL, EN, FR, IT, NL, PT)",
"91/34/ECSC, EEC, Euratom: Final Adoption of the general budget of the European Communities for the financial year 1991","","31991B0034","","","","","Budget","","https://eur-lex.europa.eu/legal-content/AUTO/?uri=CELEX:31977Q1231, https://eur-lex.europa.eu/legal-content/AUTO/?uri=CELEX:11957E203, https://eur-lex.europa.eu/legal-content/AUTO/?uri=CELEX:41988A0715(01), https://eur-lex.europa.eu/legal-content/AUTO/?uri=CELEX:11951K078, https://eur-lex.europa.eu/legal-content/AUTO/?uri=CELEX:11975R, https://eur-lex.europa.eu/legal-content/AUTO/?uri=CELEX:11957A177","","","","ALL_ALL, EU_LAW_ALL, LEGISLATION, PUBLISHED_IN_OJ","1990-12-13","1991-02-04","European Parliament","1991-01-01","1991-12-31","","","","false","OJ L 30, 04/02/1991, p. 1–1523
		 (ES, DA, DE, EL, EN, FR, IT, NL, PT)",
"Written Questions with answer","","","","","","","Provisional data","","","","","","ALL_ALL, PUBLISHED_IN_OJ","1990-12-10","1990-12-10","Not available","","","","","","","OJ C 309, 10/12/1990, p. 1–36
		 (ES, DA, DE, EL, EN, FR, IT, NL, PT)",
"Minutes of the sitting of Wednesday, 24 October 1990","","","","","","","Provisional data","","","","","","ALL_ALL, PUBLISHED_IN_OJ","1990-11-26","1990-11-26","Not available","","","","","","","OJ C 295, 26/11/1990, p. 19–164
		 (ES, DA, DE, EL, EN, FR, IT, NL, PT)",
"Minutes of the sitting of Monday, 22 October 1990","","","","","","","Provisional data","","","","","","ALL_ALL, PUBLISHED_IN_OJ","1990-11-26","1990-11-26","Not available","","","","","","","OJ C 295, 26/11/1990, p. 1–11
		 (ES, DA, DE, EL, EN, FR, IT, NL, PT)",
"90/664/EEC: Council Decision of 26 November 1990 adopting a specific Programme concerning the preparation of the development of an operational EUROTRA system","","31990D0664","","","","http://data.europa.eu/eli/dec/1990/664/oj","Decision","","https://eur-lex.europa.eu/legal-content/AUTO/?uri=CELEX:11957E130Q","","","","ALL_ALL, EU_LAW_ALL, LEGISLATION, PUBLISHED_IN_OJ","1990-11-26","1990-12-21","Council of the European Union","1990-11-30","1992-11-26","","","","false","OJ L 358, 21/12/1990, p. 84–88
		 (ES, DA, DE, EL, EN, FR, IT, NL, PT)",
"Minutes of the sitting of Tuesday, 23 October 1990","","","","","","","Provisional data","","","","","","ALL_ALL, PUBLISHED_IN_OJ","1990-11-26","1990-11-26","Not available","","","","","","","OJ C 295, 26/11/1990, p. 12–18
		 (ES, DA, DE, EL, EN, FR, IT, NL, PT)",
"Minutes of the sitting of Thursday, 25 October 1990","","","","","","","Provisional data","","","","","","ALL_ALL, PUBLISHED_IN_OJ","1990-11-26","1990-11-26","Not available","","","","","","","OJ C 295, 26/11/1990, p. 165–638
		 (ES, DA, DE, EL, EN, FR, IT, NL, PT)",
"RE-EXAMINED PROPOSAL FOR A COUNCIL DECISION ADOPTING A SPECIFIC PROGRAMME CONCERNING THE PREPARATION OF THE DEVELOPMENT OF AN OPERATIONAL EUROTRA SYSTEM","/* COM/90/535FINAL - SYN 228 */","51990PC0535","","","","","Amended proposal for a decision","","https://eur-lex.europa.eu/legal-content/AUTO/?uri=CELEX:11957E149","","","","ALL_ALL, EU_LAW_ALL, PRE_ACTS","1990-11-06","","European Commission","","1990-11-26","","","","","",
"DECISION (Cooperation procedure: second reading) on the common position adopted by the Council with a view to the adoption of a decision adopting a specific programme concerning the preparation of the development of an operational EUROTRA system","","51990AP0251","","","","","Amendment to common position","","","","","","ALL_ALL, EU_LAW_ALL, PRE_ACTS, PUBLISHED_IN_OJ","1990-10-24","1990-11-26","European Parliament, Committee on Industry, Research and Energy","","","","","","","OJ C 295, 26/11/1990, p. 94
		 (ES, DA, DE, EN, FR, IT, NL, PT)",
"Minutes of the sitting of Wednesday, 12 September 1990","","","","","","","Provisional data","","","","","","ALL_ALL, PUBLISHED_IN_OJ","1990-10-15","1990-10-15","Not available","","","","","","","OJ C 260, 15/10/1990, p. 72–123
		 (ES, DA, DE, EL, EN, FR, IT, NL, PT)",
"Establishment by the Council of common positions under the cooperation procedure provided for by Article 149 (2) of the Treaty establishing the European Economic Community","","","","","","","Provisional data","","","","","","ALL_ALL, PUBLISHED_IN_OJ","1990-09-19","1990-09-19","Not available","","","","","","","OJ C 235, 19/09/1990, p. 1–1
		 (ES, DA, DE, EL, EN, FR, IT, NL, PT)",
"NOTICE - COMMON POSITION ADOPTED BY THE COUNCIL IN ACCORDANCE WITH THE COOPERATION PROCEDURE LAID DOWN IN ARTICLE 149 ( 2 ) OF THE EEC TREATY: PROPOSAL FOR A DECISION ADOPTING A SPECIFIC PROGRAMME CONCERNING THE PREPARATION OF THE DEVELOPMENT OF AN OPERATIONAL EUROTRA SYSTEM","","51990AG0919(03)","","","","","Common position","","https://eur-lex.europa.eu/legal-content/AUTO/?uri=CELEX:11957E149","","","","ALL_ALL, EU_LAW_ALL, PRE_ACTS, PUBLISHED_IN_OJ","1990-09-19","1990-09-19","Council of the European Union","","1990-11-26","","","","","",
"COMMUNICATION FROM THE COMMISSION TO THE COUNCIL AND THE EUROPEAN PARLIAMENT - EVALUATION REPORT OF THE EUROTRA PROGRAMME ( EC RESEARCH AND DEVELOPMENT PROGRAMME FOR A MACHINE TRANSLATION SYSTEM OF ADVANCED DESIGN ), SUBMITTED IN ACCORDANCE WITH ARTICLE 5 OF COUNCIL DECISION 89/410/EEC","/* COM/90/289FINAL */","51990DC0289","","","","","Report","","https://eur-lex.europa.eu/legal-content/AUTO/?uri=CELEX:31989D0410","","","","ALL_ALL, EU_LAW_ALL, PRE_ACTS","1990-07-31","","European Commission","","No end date","","","","","",
"AMENDED PROPOSAL FOR A COUNCIL DECISION ADOPTING A SPECIFIC PROGRAMME CONCERNING THE PREPARATION OF THE DEVELOPMENT OF AN OPERATIONAL - EUROTRA SYSTEM","/* COM/90/296FINAL - SYN 228 */","51990PC0296","","","","","Amended proposal for a decision","","https://eur-lex.europa.eu/legal-content/AUTO/?uri=CELEX:11957E130Q","","","","ALL_ALL, EU_LAW_ALL, PRE_ACTS, PUBLISHED_IN_OJ","1990-07-17","1990-08-22","European Commission","","1990-11-26","","","","","OJ C 209, 22/08/1990, p. 24–28
		 (ES, DA, DE, EL, EN, FR, IT, NL, PT)",
"Minutes of the sitting of Monday, 11 June 1990","","","","","","","Provisional data","","","","","","ALL_ALL, PUBLISHED_IN_OJ","1990-07-16","1990-07-16","Not available","","","","","","","OJ C 175, 16/07/1990, p. 1–22
		 (ES, DA, DE, EL, EN, FR, IT, NL, PT)",
"Minutes of the sitting of Wednesday, 13 June 1990","","","","","","","Provisional data","","","","","","ALL_ALL, PUBLISHED_IN_OJ","1990-07-16","1990-07-16","Not available","","","","","","","OJ C 175, 16/07/1990, p. 59–149
		 (ES, DA, DE, EL, EN, FR, IT, NL, PT)",
"Minutes of the sitting of Tuesday, 12 June 1990","","","","","","","Provisional data","","","","","","ALL_ALL, PUBLISHED_IN_OJ","1990-07-16","1990-07-16","Not available","","","","","","","OJ C 175, 16/07/1990, p. 23–58
		 (ES, DA, DE, EL, EN, FR, IT, NL, PT)",
"Written questions to which no answer has been given","","","","","","","Provisional data","","","","","","ALL_ALL, PUBLISHED_IN_OJ","1990-06-22","1990-06-22","Not available","","","","","","","OJ C 153, 22/06/1990, p. 1–3
		 (ES, DA, DE, EL, EN, FR, IT, NL, PT)",
"LEGISLATIVE RESOLUTION (Cooperation procedure: first reading) embodying the opinion of the European Parliament on the proposal from the Commission to the Council for a decision adopting a specific programme concerning the preparation of the development of an operational EUROTRA system","","51990AP0136","","","","","Opinion proposing amendment","","https://eur-lex.europa.eu/legal-content/AUTO/?uri=CELEX:11957E149, https://eur-lex.europa.eu/legal-content/AUTO/?uri=CELEX:11957E130Q","","","","ALL_ALL, EU_LAW_ALL, PRE_ACTS, PUBLISHED_IN_OJ","1990-06-13","1990-07-16","Committee on Industry, Research and Energy, European Parliament","","","","","","","OJ C 175, 16/07/1990, p. 131
		 (ES, DA, DE, EN, FR, IT, NL, PT)",
"PROPOSAL FOR A COUNCIL DECISION CONCERNING A SPECIFIC PROGRAMME OF RESEARCH AND TECHNOLOGICAL DEVELOPMENT IN THE FIELD OF TELEMATIC SYSTEMS IN AREAS OF GENERAL INTEREST ( 1990-1994 )","/* COM/90/155FINAL - SYN 260 */","51990PC0155","","","","","Proposal for a decision","","https://eur-lex.europa.eu/legal-content/AUTO/?uri=CELEX:11957E130Q","","","","ALL_ALL, EU_LAW_ALL, PRE_ACTS, PUBLISHED_IN_OJ","1990-05-23","1990-07-16","European Commission","","1991-06-07","","","","","OJ C 174, 16/07/1990, p. 19–28
		 (ES, DA, DE, EL, EN, FR, IT, NL, PT)",
"OPINION OF THE ECONOMIC AND SOCIAL COMMITTEE ON THE PROPOSAL FOR A COUNCIL REGULATION ( EEC ) ESTABLISHING A EUROPEAN TRAINING FOUNDATION","","51990AC0509","","","","","Opinion","","https://eur-lex.europa.eu/legal-content/AUTO/?uri=CELEX:11957E198","","","","ALL_ALL, EU_LAW_ALL, PRE_ACTS, PUBLISHED_IN_OJ","1990-04-25","1990-07-10","European Economic and Social Committee","","1990-05-07","","","","","OJ C 168, 10/07/1990, p. 13–15
		 (ES, DA, DE, EL, EN, FR, IT, NL, PT)",
"OPINION OF THE ECONOMIC AND SOCIAL COMMITTEE ON THE PROPOSAL FOR A COUNCIL DECISION ADOPTING A SPECIFIC PROGRAMME CONCERNING THE PREPARATION OF THE DEVELOPMENT OF AN OPERATIONAL EUROTRA-SYSTEM","","51990AC0508","","","","","Opinion","","https://eur-lex.europa.eu/legal-content/AUTO/?uri=CELEX:11957E130Q","","","","ALL_ALL, EU_LAW_ALL, PRE_ACTS, PUBLISHED_IN_OJ","1990-04-25","1990-07-10","European Economic and Social Committee","","1990-11-26","","","","","OJ C 168, 10/07/1990, p. 12–13
		 (ES, DA, DE, EL, EN, FR, IT, NL, PT)",
"90/221/Euratom, EEC: Council Decision of 23 April 1990 concerning the framework Programme of Community activities in the field of research and technological development (1990 to 1994)","","31990D0221","","","","http://data.europa.eu/eli/dec/1990/221/oj","Decision","","https://eur-lex.europa.eu/legal-content/AUTO/?uri=CELEX:11957E130Q, https://eur-lex.europa.eu/legal-content/AUTO/?uri=CELEX:11957A007","","","","ALL_ALL, EU_LAW_ALL, LEGISLATION, PUBLISHED_IN_OJ","1990-04-23","1990-05-08","Council of the European Union","1990-04-23, 1990-01-01","1994-12-31","","","","false","OJ L 117, 08/05/1990, p. 28–43
		 (ES, DA, DE, EL, EN, FR, IT, NL, PT)",
"Written Question No. 902/90 by Mr Carlos Robles Piquer to the Commission of the European Communities. EUROTRA and SYSTRAN","","91990E000902","","","","","Written question","","","","","","ALL_ALL, PAR_QUESTION, PUBLISHED_IN_OJ","1990-04-17","1990-12-10","ROBLES PIQUER, European Parliament","","","","","","","OJ C 309, 10/12/1990, p. 20
		 (ES, DA, DE, EL, EN, FR, IT, NL, PT)",
"Minutes of the sitting of Monday, 12 February 1990","","","","","","","Provisional data","","","","","","ALL_ALL, PUBLISHED_IN_OJ","1990-03-19","1990-03-19","Not available","","","","","","","OJ C 68, 19/03/1990, p. 1–20
		 (ES, DA, DE, EL, EN, FR, IT, NL, PT)",
"Agreement between the European Economic Community and the Kingdom of Sweden on trade electronic data interchange systems","","21989A1230(18)","","","","","International agreement","","https://eur-lex.europa.eu/legal-content/AUTO/?uri=CELEX:11957E235","","","","ALL_ALL, EU_LAW_ALL, INTER_AGREE, PUBLISHED_IN_OJ","1989-12-21","1989-12-30","European Economic Community, Sweden","1990-02-01","1994-12-31","","","","false","OJ L 400, 30/12/1989, p. 22–25
		 (ES, DA, DE, EL, EN, FR, IT, NL, PT)",
"Agreement between the European Economic Community and the Republic of Austria on trade electronic data interchange systems","","21989A1230(14)","","","","","International agreement","","https://eur-lex.europa.eu/legal-content/AUTO/?uri=CELEX:11957E235","","","","ALL_ALL, EU_LAW_ALL, INTER_AGREE, PUBLISHED_IN_OJ","1989-12-21","1989-12-30","European Economic Community, Austria","1990-02-01","1994-12-31","","","","false","OJ L 400, 30/12/1989, p. 2–5
		 (ES, DA, DE, EL, EN, FR, IT, NL, PT)",
"Agreement between the European Economic Community and the Republic of Finland on trade electronic data interchange systems","","21989A1230(15)","","","","","International agreement","","https://eur-lex.europa.eu/legal-content/AUTO/?uri=CELEX:11957E235","","","","ALL_ALL, EU_LAW_ALL, INTER_AGREE, PUBLISHED_IN_OJ","1989-12-21","1989-12-30","Finland, European Economic Community","1990-02-01","1994-12-31","","","","false","OJ L 400, 30/12/1989, p. 7–10
		 (ES, DA, DE, EL, EN, FR, IT, NL, PT)",
"Agreement between the European Economic Community and the Republic of Iceland on trade electronic data interchange systems","","21989A1230(16)","","","","http://data.europa.eu/eli/agree_internation/1989/691/oj","International agreement","","https://eur-lex.europa.eu/legal-content/AUTO/?uri=CELEX:11957E235","","","","ALL_ALL, EU_LAW_ALL, INTER_AGREE, PUBLISHED_IN_OJ","1989-12-15","1989-12-30, 2013-04-02, 2004-05-01, 1995-01-01, 2007-01-01","European Economic Community, Iceland","1990-05-01","Not known","","","","true","OJ L 400, 30/12/1989, p. 12–15
		 (ES, DA, DE, EL, EN, FR, IT, NL, PT), This document has been published in a special edition(s) (
           		FI, SV, CS, ET, LV, LT, HU, MT, PL, SK, SL, BG, RO, HR)
		",
"90/26/Euratom, ECSC, EEC: Final Adoption of the general budget of the European Communities for the financial year 1990","","31990B0026","","","","","Budget","","https://eur-lex.europa.eu/legal-content/AUTO/?uri=CELEX:41988A0715(01), https://eur-lex.europa.eu/legal-content/AUTO/?uri=CELEX:11951K078, https://eur-lex.europa.eu/legal-content/AUTO/?uri=CELEX:11975R, https://eur-lex.europa.eu/legal-content/AUTO/?uri=CELEX:11957A177, https://eur-lex.europa.eu/legal-content/AUTO/?uri=CELEX:31977Q1231, https://eur-lex.europa.eu/legal-content/AUTO/?uri=CELEX:11957E203","","","","ALL_ALL, EU_LAW_ALL, LEGISLATION, PUBLISHED_IN_OJ","1989-12-13","1990-01-29","European Parliament","1990-01-01","1990-12-31","","","","false","OJ L 24, 29/01/1990, p. 1–1177
		 (ES, DA, DE, EL, EN, FR, IT, NL, PT)",
"Agreement between the European Economic Community and the Kingdom of Norway on trade electronic data interchange systems","","21989A1230(17)","","","","http://data.europa.eu/eli/agree_internation/1989/692/oj","International agreement","","https://eur-lex.europa.eu/legal-content/AUTO/?uri=CELEX:11957E235","","","","ALL_ALL, EU_LAW_ALL, INTER_AGREE, PUBLISHED_IN_OJ","1989-12-08","1989-12-30","European Economic Community, Norway","1990-02-01","Not known","","","","true","OJ L 400, 30/12/1989, p. 17–20
		 (ES, DA, DE, EL, EN, FR, IT, NL, PT)",
"Agreement between the European Economic Community and the Swiss Confederation on trade electronic data interchange systems","","21989A1230(19)","","","","","International agreement","","https://eur-lex.europa.eu/legal-content/AUTO/?uri=CELEX:11957E235","","","","ALL_ALL, EU_LAW_ALL, INTER_AGREE, PUBLISHED_IN_OJ","1989-12-07","1989-12-30, 2004-05-01, 1995-01-01, 2007-01-01, 2014-10-14","European Economic Community, Switzerland","1001-01-01","Not known","","","","false","OJ L 400, 30/12/1989, p. 27–30
		 (ES, DA, DE, EL, EN, FR, IT, NL, PT), This document has been published in a special edition(s) (
           		FI, SV, CS, ET, LV, LT, HU, MT, PL, SK, SL, BG, RO, HR)
		",
"PROPOSAL FOR A COUNCIL DECISION ADOPTING A SPECIFIC PROGRAMME CONCERNING THE PREPARATION OF THE DEVELOPMENT OF AN OPERATIONAL EUROTRA SYSTEM","/* COM/89/603FINAL - SYN 228 */","51989PC0603","","","","","Proposal for a decision","","https://eur-lex.europa.eu/legal-content/AUTO/?uri=CELEX:11957E130Q","","","","ALL_ALL, EU_LAW_ALL, PRE_ACTS, PUBLISHED_IN_OJ","1989-12-05","1990-01-12","European Commission","","1990-11-26","","","","","OJ C 7, 12/01/1990, p. 7–12
		 (ES, DA, DE, EL, EN, FR, IT, NL, PT)",
"Minutes of the sitting of Thursday, 26 October 1989","","","","","","","Provisional data","","","","","","ALL_ALL, PUBLISHED_IN_OJ","1989-12-04","1989-12-04","Not available","","","","","","","OJ C 304, 04/12/1989, p. 63–355
		 (ES, DA, DE, EL, EN, FR, IT, NL, PT)",
"BOOKS AND READING: A CULTURAL CHALLENGE FOR EUROPE ( COMMUNICATION FROM THE COMMISSION )","/* COM/89/258FINAL */","51989DC0258","","","","","Communication","","","","","","ALL_ALL, EU_LAW_ALL, PRE_ACTS","1989-08-03","","European Commission","","No end date","","","","","",
"Written Questions with answer","","","","","","","Provisional data","","","","","","ALL_ALL, PUBLISHED_IN_OJ","1989-07-31","1989-07-31","Not available","","","","","","","OJ C 195, 31/07/1989, p. 1–55
		 (DA, DE, EL, EN, FR, IT, NL)",
"89/489/EEC: Council Decision of 28 July 1989 establishing an action programme to promote foreign language competence in the European Community (Lingua)","","31989D0489","","","","http://data.europa.eu/eli/dec/1989/489/oj","Decision","","https://eur-lex.europa.eu/legal-content/AUTO/?uri=CELEX:31963D0266, https://eur-lex.europa.eu/legal-content/AUTO/?uri=CELEX:11957E235, https://eur-lex.europa.eu/legal-content/AUTO/?uri=CELEX:11957E128","","","","ALL_ALL, EU_LAW_ALL, LEGISLATION, PUBLISHED_IN_OJ","1989-07-28","1989-08-16","Council of the European Union","1989-07-28, 1990-01-01","1994-12-31","","","","false","OJ L 239, 16/08/1989, p. 24–32
		 (ES, DA, DE, EL, EN, FR, IT, NL, PT)",
"Invitation to manifestation of interest — Feasibility and design studies in preparation of the industrial implementation of EUROTRA","","","","","","","Provisional data","","","","","","ALL_ALL, PUBLISHED_IN_OJ","1989-07-27","1989-07-27","Not available","","","","","","","OJ C 190, 27/07/1989, p. 7–8
		 (ES, DA, DE, EL, EN, FR, IT, NL, PT)",
"Advance notice of a call for tenders — Feasibility and project definition study on the reusability of lexical resources in computerized applications in preparation for industrial involvement in EUROTRA","","","","","","","Provisional data","","","","","","ALL_ALL, PUBLISHED_IN_OJ","1989-07-27","1989-07-27","Not available","","","","","","","OJ C 190, 27/07/1989, p. 6–6
		 (ES, DA, DE, EL, EN, FR, IT, NL, PT)",
"Minutes of the sitting of Tuesday, 23 May 1989","","","","","","","Provisional data","","","","","","ALL_ALL, PUBLISHED_IN_OJ","1989-06-26","1989-06-26","Not available","","","","","","","OJ C 158, 26/06/1989, p. 26–62
		 (ES, DA, DE, EL, EN, FR, IT, NL, PT)",
"Minutes of the sitting of Monday, 22 May 1989","","","","","","","Provisional data","","","","","","ALL_ALL, PUBLISHED_IN_OJ","1989-06-26","1989-06-26","Not available","","","","","","","OJ C 158, 26/06/1989, p. 1–25
		 (ES, DA, DE, EL, EN, FR, IT, NL, PT)",
"Minutes of the sitting of Wednesday, 24 May 1989","","","","","","","Provisional data","","","","","","ALL_ALL, PUBLISHED_IN_OJ","1989-06-26","1989-06-26","Not available","","","","","","","OJ C 158, 26/06/1989, p. 63–183
		 (ES, DA, DE, EL, EN, FR, IT, NL, PT)",
"89/410/EEC: Council Decision of 20 June 1989 on a specific programme for the completion of a machine translation system of advanced design (Eurotra)","","31989D0410","","","","http://data.europa.eu/eli/dec/1989/410/oj","Decision","","https://eur-lex.europa.eu/legal-content/AUTO/?uri=CELEX:11957E149, https://eur-lex.europa.eu/legal-content/AUTO/?uri=CELEX:11957E130Q","","","","ALL_ALL, EU_LAW_ALL, LEGISLATION, PUBLISHED_IN_OJ","1989-06-20","1989-07-13","Council of the European Union","1989-06-27","1990-06-30","","","","false","OJ L 200, 13/07/1989, p. 15–17
		 (ES, DA, DE, EL, EN, FR, IT, NL, PT)",
"DECISION (Cooperation procedure: second reading) concerning the common position of the Council on the proposal for a decision concerning a specific programme for the completion of a machine translation system of advanced design (EUROTRA)","","51989AP0125","","","","","Amendment to common position","","","","","","ALL_ALL, EU_LAW_ALL, PRE_ACTS, PUBLISHED_IN_OJ","1989-05-24","1989-06-26","Committee on Industry, Research and Energy, European Parliament","","","","","","","",
"Minutes of the sitting of Wednesday, 12 April 1989","","","","","","","Provisional data","","","","","","ALL_ALL, PUBLISHED_IN_OJ","1989-05-16","1989-05-16","Not available","","","","","","","OJ C 120, 16/05/1989, p. 40–90
		 (ES, DA, DE, EL, EN, FR, IT, NL, PT)",
"NOTICE - COMMON POSITION ADOPTED BY THE COUNCIL IN ACCORDANCE WITH THE COOPERATION PROCEDURE LAID DOWN IN ARTICLE 149 ( 2 ) OF THE EEC TREATY: PROPOSAL FOR A COUNCIL DECISION ON A SPECIFIC PROGRAMME FOR THE COMPLETION OF A MACHINE TRANSLATION SYSTEM OF ADVANCED DESIGN ( EUROTRA )","","51989AG0414(05)","","","","","Common position","","https://eur-lex.europa.eu/legal-content/AUTO/?uri=CELEX:11957E149","","","","ALL_ALL, EU_LAW_ALL, PRE_ACTS, PUBLISHED_IN_OJ","1989-04-14","1989-04-14","Council of the European Union","","1989-06-20","","","","","",
"Notice — Common positions adopted by the Council in accordance with the cooperation procedure laid down in Article 149 (2) of the EEC Treaty","","","","","","","Provisional data","","","","","","ALL_ALL, PUBLISHED_IN_OJ","1989-04-14","1989-04-14","Not available","","","","","","","OJ C 93, 14/04/1989, p. 1–1
		 (ES, DA, DE, EL, EN, FR, IT, NL, PT)",
"AMENDMENT TO THE PROPOSAL FOR A COUNCIL DECISION CONCERNING A SPECIFIC PROGRAMME FOR THE COMPLETION OF A MACHINE TRANSLATION SYSTEM OF ADVANCED DESIGN ( EUROTRA )","/* COM/88/20FINAL - SYN 137 */ /* COM/89/20FINAL/2 - SYN 137 OF 7/2/89 */","51989PC0020","","","","","Amended proposal for a decision","","https://eur-lex.europa.eu/legal-content/AUTO/?uri=CELEX:11957E149","","","","ALL_ALL, EU_LAW_ALL, PRE_ACTS","1989-01-18","","European Commission","","1989-06-20","","","","","",
"Minutes of the sitting of Thursday, 15 December 1988","","","","","","","Provisional data","","","","","","ALL_ALL, PUBLISHED_IN_OJ","1989-01-16","1989-01-16","Not available","","","","","","","OJ C 12, 16/01/1989, p. 125–354
		 (ES, DA, DE, EL, EN, FR, IT, NL, PT)",
"Minutes of Wednesday, 14 December 1988","","","","","","","Provisional data","","","","","","ALL_ALL, PUBLISHED_IN_OJ","1989-01-16","1989-01-16","Not available","","","","","","","OJ C 12, 16/01/1989, p. 51–124
		 (ES, DA, DE, EL, EN, FR, IT, NL, PT)",
"Minutes of the sitting of Tuesday, 13 December 1988","","","","","","","Provisional data","","","","","","ALL_ALL, PUBLISHED_IN_OJ","1989-01-16","1989-01-16","Not available","","","","","","","OJ C 12, 16/01/1989, p. 22–50
		 (ES, DA, DE, EL, EN, FR, IT, NL, PT)",
"Minutes of the sitting of Monday, 12 December 1988","","","","","","","Provisional data","","","","","","ALL_ALL, PUBLISHED_IN_OJ","1989-01-16","1989-01-16","Not available","","","","","","","OJ C 12, 16/01/1989, p. 1–21
		 (ES, DA, DE, EL, EN, FR, IT, NL, PT)",
"PROPOSAL FOR A COUNCIL DECISION ESTABLISHING THE LINGUA PROGRAMME TO PROMOTE TRAINING IN FOREIGN LANGUAGES IN THE EUROPEAN COMMUNITY","/* COM/88/841FINAL OF 6/1/89 */","51988PC0841(01)","","","","","Proposal for a decision","","https://eur-lex.europa.eu/legal-content/AUTO/?uri=CELEX:11957E128, https://eur-lex.europa.eu/legal-content/AUTO/?uri=CELEX:31963D0266","","","","ALL_ALL, EU_LAW_ALL, PRE_ACTS, PUBLISHED_IN_OJ","1989-01-02","1989-02-28","European Commission","","1989-07-28","","","","","OJ C 51, 28/02/1989, p. 7–13
		 (ES, DA, DE, EL, EN, FR, IT, NL, PT)",
"89/40/EEC, Euratom, ECSC: Final Adoption of the general budget of the European Communities for the financial year 1989","","31989B0040","","","","","Budget","","https://eur-lex.europa.eu/legal-content/AUTO/?uri=CELEX:11957E203, https://eur-lex.europa.eu/legal-content/AUTO/?uri=CELEX:31977Q1231, https://eur-lex.europa.eu/legal-content/AUTO/?uri=CELEX:11957A177, https://eur-lex.europa.eu/legal-content/AUTO/?uri=CELEX:11975R, https://eur-lex.europa.eu/legal-content/AUTO/?uri=CELEX:11951K078","","","","ALL_ALL, EU_LAW_ALL, LEGISLATION, PUBLISHED_IN_OJ","1988-12-15","1989-01-30","European Parliament","1989-01-01","1989-12-31","","","","false","OJ L 26, 30/01/1989, p. 1–1375
		 (ES, DA, DE, EL, EN, FR, IT, NL, PT)",
"LEGISLATIVE RESOLUTION (Cooperation procedure: first reading) embodying the opinion of the European Parliament on the proposal from the Commission to the Council for the completion of a machine translation system of advanced design (EUROTRA)","","51988AP0275","","","","","Opinion proposing amendment","","https://eur-lex.europa.eu/legal-content/AUTO/?uri=CELEX:11957E149, https://eur-lex.europa.eu/legal-content/AUTO/?uri=CELEX:11957E130Q","","","","ALL_ALL, EU_LAW_ALL, PRE_ACTS, PUBLISHED_IN_OJ","1988-12-14","1989-01-16","Committee on Industry, Research and Energy, European Parliament","","","","","","","OJ C 12, 16/01/1989, p. 83
		 (ES, DA, DE, EN, FR, IT, NL, PT)",
"Minutes of the sitting of Thursday, 27 October 1988","","","","","","","Provisional data","","","","","","ALL_ALL, PUBLISHED_IN_OJ","1988-12-05","1988-12-05","Not available","","","","","","","OJ C 309, 05/12/1988, p. 68–416
		 (ES, DA, DE, EL, EN, FR, IT, NL, PT)",
"FIRST REPORT ON THE STATE OF SCIENCE AND TECHNOLOGY IN EUROPE","/* COM/88/647FINAL */","51988DC0647","","","","","Report","","","","","","ALL_ALL, EU_LAW_ALL, PRE_ACTS","1988-11-29","","European Commission","","","","","","","",
"Written Questions with answer","","","","","","","Provisional data","","","","","","ALL_ALL, PUBLISHED_IN_OJ","1988-11-28","1988-11-28","Not available","","","","","","","OJ C 303, 28/11/1988, p. 1–60
		 (DA, DE, EL, EN, FR, IT, NL)",
"OPINION OF THE ECONOMIC AND SOCIAL COMMITTEE ON THE PROPOSAL FOR A COUNCIL DECISION CONCERNING A SPECIFIC PROGRAMME FOR THE COMPLETION OF A MACHINE TRANSLATION SYSTEM OF ADVANCED DESIGN ( EUROTRA )","","51988AC1228","","","","","Opinion","","https://eur-lex.europa.eu/legal-content/AUTO/?uri=CELEX:11957E130Q","","","","ALL_ALL, EU_LAW_ALL, PRE_ACTS, PUBLISHED_IN_OJ","1988-11-23","1989-01-30","European Economic and Social Committee","","1989-06-20","","","","","OJ C 23, 30/01/1989, p. 16–18
		 (ES, DA, DE, EL, EN, FR, IT, NL, PT)",
"OPINION OF THE ECONOMIC AND SOCIAL COMMITTEE ON THE PROPOSAL FOR A COUNCIL DECISION ADOPTING A SPECIFIC PROGRAMME FOR THE DISSEMINATION AND UTILIZATION OF RESULTS FROM SCIENTIFIC AND TECHNOLOGICAL RESEARCH, 1988-1992","","51988AC1087","","","","","Opinion","","https://eur-lex.europa.eu/legal-content/AUTO/?uri=CELEX:11957E130Q","","","","ALL_ALL, EU_LAW_ALL, PRE_ACTS, PUBLISHED_IN_OJ","1988-10-27","1988-12-31","European Economic and Social Committee","","1989-06-20","","","","","OJ C 337, 31/12/1988, p. 12–15
		 (ES, DA, DE, EL, EN, FR, IT, NL, PT)",
"OPINION OF THE ECONOMIC AND SOCIAL COMMITTEE ON THE PROPOSAL FOR A FIFTH COUNCIL DIRECTIVE ON SUMMERTIME ARRANGEMENTS","","51988AC1086","","","","","Opinion","","https://eur-lex.europa.eu/legal-content/AUTO/?uri=CELEX:11957E100A","","","","ALL_ALL, EU_LAW_ALL, PRE_ACTS, PUBLISHED_IN_OJ","1988-10-27","1988-12-31","European Economic and Social Committee","","1988-12-21","","","","","OJ C 337, 31/12/1988, p. 11–12
		 (ES, DA, DE, EL, EN, FR, IT, NL, PT)",
"Minutes of Friday, 8 July 1988","","","","","","","Provisional data","","","","","","ALL_ALL, PUBLISHED_IN_OJ","1988-09-12","1988-09-12","Not available","","","","","","","OJ C 235, 12/09/1988, p. 164–203
		 (ES, DA, DE, EL, EN, FR, IT, NL, PT)",
"Minutes of the sitting of Thursday, 7 July 1988","","","","","","","Provisional data","","","","","","ALL_ALL, PUBLISHED_IN_OJ","1988-09-12","1988-09-12","Not available","","","","","","","OJ C 235, 12/09/1988, p. 80–163
		 (ES, DA, DE, EL, EN, FR, IT, NL, PT)",
"88/445/EEC: Council Decision of 25 July 1988 on the transition of the Eurotra programme to the third phase","","31988D0445","","","","http://data.europa.eu/eli/dec/1988/445/oj","Decision","","https://eur-lex.europa.eu/legal-content/AUTO/?uri=CELEX:11957E235","","","","ALL_ALL, EU_LAW_ALL, LEGISLATION, PUBLISHED_IN_OJ","1988-07-25","1988-08-12","Council of the European Union","1988-07-25","1990-01-24","","","","false","OJ L 222, 12/08/1988, p. 1–2
		 (ES, DA, DE, EL, EN, FR, IT, NL, PT)",
"RESOLUTION embodying the opinion of the European Parliament, in accordance with the procedure without report, on the proposal from the Commission of the European Communities to the Council for a decision on the transition of the Eurotra programme to the third phase","","51988AP0087(01)","","","","","Opinion without report","","","","","","ALL_ALL, EU_LAW_ALL, PRE_ACTS, PUBLISHED_IN_OJ","1988-07-08","1988-09-12","Committee on Industry, Research and Energy, European Parliament","","","","","","","",
"OPINION OF THE ECONOMIC AND SOCIAL COMMITTEE ON THE PROPOSAL FOR A COUNCIL DECISION ON THE TRANSITION OF THE EUROTRA PROGRAMME TO THE THIRD PHASE","","51988AC0747","","","","","Opinion","","https://eur-lex.europa.eu/legal-content/AUTO/?uri=CELEX:11957E130Q","","","","ALL_ALL, EU_LAW_ALL, PRE_ACTS, PUBLISHED_IN_OJ","1988-07-07","1988-09-12","European Economic and Social Committee","","1988-07-25","","","","","OJ C 237, 12/09/1988, p. 41–42
		 (ES, DA, DE, EL, EN, FR, IT, NL, PT)",
"OPINION OF THE ECONOMIC AND SOCIAL COMMITTEE ON THE PROPOSAL FOR A COUNCIL REGULATION ( EEC ) AMENDING REGULATION ( EEC ) NO 2771/75 ON THE COMMON ORGANIZATION OF THE MARKET IN EGGS","","51988AC0748","","","","","Opinion","","https://eur-lex.europa.eu/legal-content/AUTO/?uri=CELEX:11957E198","","","","ALL_ALL, EU_LAW_ALL, PRE_ACTS, PUBLISHED_IN_OJ","1988-07-06","1988-09-12","European Economic and Social Committee","","1988-10-17","","","","","OJ C 237, 12/09/1988, p. 42–43
		 (ES, DA, DE, EL, EN, FR, IT, NL, PT)",
"Minutes of the sitting of Wednesday, 18 May 1988","","","","","","","Provisional data","","","","","","ALL_ALL, PUBLISHED_IN_OJ","1988-06-27","1988-06-27","Not available","","","","","","","OJ C 167, 27/06/1988, p. 50–230
		 (ES, DA, DE, EL, EN, FR, IT, NL, PT)",
"88/421/ECSC, EEC, Euratom: Final Adoption of the general budget of the European Communities for the financial year 1988","","31988B0421","","","","","Budget","","https://eur-lex.europa.eu/legal-content/AUTO/?uri=CELEX:11951K078, https://eur-lex.europa.eu/legal-content/AUTO/?uri=CELEX:11957A177, https://eur-lex.europa.eu/legal-content/AUTO/?uri=CELEX:11975R, https://eur-lex.europa.eu/legal-content/AUTO/?uri=CELEX:11957E203, https://eur-lex.europa.eu/legal-content/AUTO/?uri=CELEX:31977Q1231","","","","ALL_ALL, EU_LAW_ALL, LEGISLATION, PUBLISHED_IN_OJ","1988-06-01","1988-08-16","European Parliament","1988-01-01","1988-12-31","","","","false","OJ L 226, 16/08/1988, p. 1–1357
		 (ES, DA, DE, EL, EN, FR, IT, NL, PT)",
"PROPOSAL FOR A COUNCIL DECISION CONCERNING A SPECIFIC PROGRAMME FOR THE COMPLETION OF A MACHINE TRANSLATION SYSTEM OF ADVANCED DESIGN ( EUROTRA )","/* COM/88/270FINAL - SYN 137 */","51988PC0270(02)","","","","","Proposal for a decision","","https://eur-lex.europa.eu/legal-content/AUTO/?uri=CELEX:11957E130S","","","","ALL_ALL, EU_LAW_ALL, PRE_ACTS","1988-05-31","","European Commission","","1989-06-20","","","","","",
"PROPOSAL FOR A COUNCIL DECISION ON THE TRANSITION OF THE EUROTRA PROGRAMME TO THE THIRD PHASE","/* COM/88/270FINAL - SYN 137 */","51988PC0270(01)","","","","","Proposal for a decision without addressee","","https://eur-lex.europa.eu/legal-content/AUTO/?uri=CELEX:31982D0752","","","","ALL_ALL, EU_LAW_ALL, PRE_ACTS","1988-05-31","","European Commission","","1988-07-25","","","","","",
"QUESTION NO 45 BY MR CARVALHO CARDOSO (H-107/88) TO THE COMMISSION: EUROTRA PROGRAMME","","91988H000107","","","","","Question at question time","","","","","","ALL_ALL, PAR_QUESTION, PUBLISHED_IN_OJ","1988-05-18","1988-06-27","European Parliament, CARVALHO CARDOSO","","","","","","","OJ C 167, 27/06/1988, p. 62
		 (DA, DE, EL, EN, FR, IT, NL)",
"QUESTION NO 24 BY MR CANO PINTO (H-509/87) TO THE COMMISSION: THE EUROTRA MACHINE TRANSLATION PROGRAMME","","91987H000509","","","","","Question at question time","","","","","","ALL_ALL, PAR_QUESTION","1987-10-27","","European Parliament, CANO PINTO","","","","","","","",
"87/499/EEC: Council Decision of 5 October 1987 introducing a communications network Community programme on trade electronic data interchange systems (TEDIS)","","31987D0499","","","","http://data.europa.eu/eli/dec/1987/499/oj","Decision","","https://eur-lex.europa.eu/legal-content/AUTO/?uri=CELEX:11957E235","","","","ALL_ALL, EU_LAW_ALL, LEGISLATION, PUBLISHED_IN_OJ","1987-10-05","1987-10-08","Council of the European Union","1988-01-01","1989-12-31","","","","false","OJ L 285, 08/10/1987, p. 35–37
		 (ES, DA, DE, EL, EN, FR, IT, NL, PT)",
"Minutes of the sitting of Thursday, 9 July 1987","","","","","","","Provisional data","","","","","","ALL_ALL, PUBLISHED_IN_OJ","1987-09-14","1987-09-14","Not available","","","","","","","OJ C 246, 14/09/1987, p. 49–111
		 (ES, DA, DE, EL, EN, FR, IT, NL, PT)",
"TOWARDS A DYNAMIC EUROPEAN ECONOMY, GREEN PAPER ON THE DEVELOPMENT OF THE COMMON MARKET FOR TELECOMMUNICATIONS SERVICES AND EQUIPMENT","/* COM/87/290FINAL */","51987DC0290","","","","","Green Paper","","","","","","ALL_ALL, EU_LAW_ALL, PRE_ACTS","1987-06-30","","European Commission","","No end date","","","","","",
"EUROTRA THIRD ANNUAL REPORT FROM THE COMMISSION 1985","/* COM/87/143FINAL */","51987DC0143","","","","","Report","","https://eur-lex.europa.eu/legal-content/AUTO/?uri=CELEX:31982D0752","","","","ALL_ALL, EU_LAW_ALL, PRE_ACTS","1987-04-06","","European Commission","","No end date","","","","","",
"Written Questions with answer:","","","","","","","Provisional data","","","","","","ALL_ALL, PUBLISHED_IN_OJ","1987-03-09","1987-03-09","Not available","","","","","","","OJ C 60, 09/03/1987, p. 1–69
		 (DA, DE, EL, EN, FR, IT, NL)",
"87/186/Euratom, ECSC, EEC: Final Adoption of the general budget of the European Communities for the financial year 1987","","31987B0186","","","","","Budget","","https://eur-lex.europa.eu/legal-content/AUTO/?uri=CELEX:11951K078, https://eur-lex.europa.eu/legal-content/AUTO/?uri=CELEX:11975R, https://eur-lex.europa.eu/legal-content/AUTO/?uri=CELEX:11957A177, https://eur-lex.europa.eu/legal-content/AUTO/?uri=CELEX:31977Q1231, https://eur-lex.europa.eu/legal-content/AUTO/?uri=CELEX:11957E203","","","","ALL_ALL, EU_LAW_ALL, LEGISLATION, PUBLISHED_IN_OJ","1987-02-19","1987-03-30","European Parliament","1987-01-01","1987-12-31","","","","false","OJ L 86, 30/03/1987, p. 1–1235
		 (ES, DA, DE, EL, EN, FR, IT, NL, PT)",
"Minutes of the sitting of Monday, 10 November 1986","","","","","","","Provisional data","","","","","","ALL_ALL, PUBLISHED_IN_OJ","1986-12-15","1986-12-15","Not available","","","","","","","OJ C 322, 15/12/1986, p. 1–19
		 (ES, DA, DE, EL, EN, FR, IT, NL, PT)",
"Minutes of the sitting of Tuesday, 11 November 1986","","","","","","","Provisional data","","","","","","ALL_ALL, PUBLISHED_IN_OJ","1986-12-15","1986-12-15","Not available","","","","","","","OJ C 322, 15/12/1986, p. 20–135
		 (ES, DA, DE, EL, EN, FR, IT, NL, PT)",
"Minutes of Friday, 14 October 1986","","","","","","","Provisional data","","","","","","ALL_ALL, PUBLISHED_IN_OJ","1986-12-15","1986-12-15","Not available","","","","","","","OJ C 322, 15/12/1986, p. 433–475
		 (ES, DA, DE, EL, EN, FR, IT, NL, PT)",
"PROPOSAL FOR A COUNCIL REGULATION INTRODUCING THE PREPARATORY PHASE OF A COMMUNITY PROGRAMME ON TRADE ELECTRONIC DATA INTERCHANGE SYSTEMS ( TEDIS )","/* COM/86/662FINAL/3 */","51986PC0662","","","","","Proposal for a regulation","","","","","","ALL_ALL, EU_LAW_ALL, PRE_ACTS, PUBLISHED_IN_OJ","1986-12-01","1987-01-06","European Commission","","1987-10-05","","","","","OJ C 2, 06/01/1987, p. 5–7
		 (ES, DA, DE, EL, EN, FR, IT, NL, PT)",
"86/591/EEC: Council Decision of 26 November 1986 amending, on account of the accession of Spain and Portugal, Decision 82/752/EEC on the adoption of a European Economic Community research and development programme for a machine translation system of advanced design (Eurotra)","","31986D0591","","","","http://data.europa.eu/eli/dec/1986/591/oj","Decision","","https://eur-lex.europa.eu/legal-content/AUTO/?uri=CELEX:11957E235","","","","ALL_ALL, EU_LAW_ALL, LEGISLATION, PUBLISHED_IN_OJ","1986-11-26","1986-12-04","Council of the European Union","1986-12-04","1988-05-12","","","","false","OJ L 341, 04/12/1986, p. 39–39
		 (ES, DA, DE, EL, EN, FR, IT, NL, PT)",
"RESOLUTION CLOSING THE PROCEDURE FOR CONSULTATION OF THE EUROPEAN PARLIAMENT ON THE PROPOSAL AND AMENDED PROPOSAL FROM THE COMMISSION OF THE EUROPEAN COMMUNITIES TO THE COUNCIL FOR A DECISION AMENDING, ON ACCOUNT OF THE ACCESSION OF SPAIN AND PORTUGAL, DECISION 82/752/EEC ON THE ADOPTION OF A EUROPEAN ECONOMIC COMMUNITY RESEARCH AND DEVELOPMENT PROGRAMME FOR A MACHINE TRANSLATION SYSTEM OF ADVANCED DESIGN (EUROTRA)","","51986AP0127","","","","","Opinion proposing amendment","","https://eur-lex.europa.eu/legal-content/AUTO/?uri=CELEX:11957E235, https://eur-lex.europa.eu/legal-content/AUTO/?uri=CELEX:11957E149","","","","ALL_ALL, EU_LAW_ALL, PRE_ACTS, PUBLISHED_IN_OJ","1986-11-14","1986-12-15","European Parliament, Committee on Industry, Research and Energy","","","","","","","OJ C 322, 15/12/1986, p. 462
		 (ES, DA, DE, EN, FR, IT, NL, PT)",
"WRITTEN QUESTION NO 1553/86 BY MR JAAK VANDEMEULEBROUCKE TO THE COMMISSION: THE EUROTRA PROJECT","","91986E001553","","","","","Written question","","","","","","ALL_ALL, PAR_QUESTION, PUBLISHED_IN_OJ","1986-10-13","1987-03-09","European Parliament, VANDEMEULEBROUCKE","","","","","","","OJ C 60, 09/03/1987, p. 60
		 (DA, DE, EL, EN, FR, IT, NL)",
"SECOND ANNUAL REPORT FROM THE COMMISSION TO THE COUNCIL AND THE EUROPEAN PARLIAMENT INCLUDING THE FIRST ACTIVITY REPORT OF THE EUROTRA ADVISORY COMMITTEE ON PROGRAMME MANAGEMENT ( ACPM )","/* COM/86/431FINAL */","51986DC0431(02)","","","","","Report","","https://eur-lex.europa.eu/legal-content/AUTO/?uri=CELEX:31984D0338, https://eur-lex.europa.eu/legal-content/AUTO/?uri=CELEX:31982D0752","","","","ALL_ALL, EU_LAW_ALL, PRE_ACTS","1986-07-25","","European Commission","","No end date","","","","","",
"FIRST ANNUAL REPORT FROM THE COMMISSION TO THE COUNCIL AND THE EUROPEAN PARLIAMENT EUROTRA","/* COM/86/431FINAL */","51986DC0431(01)","","","","","Report","","https://eur-lex.europa.eu/legal-content/AUTO/?uri=CELEX:31982D0752","","","","ALL_ALL, EU_LAW_ALL, PRE_ACTS","1986-07-23","","European Commission","","No end date","","","","","",
"Minutes of the sitting of Tuesday, 10 June 1986","","","","","","","Provisional data","","","","","","ALL_ALL, PUBLISHED_IN_OJ","1986-07-14","1986-07-14","Not available","","","","","","","OJ C 176, 14/07/1986, p. 25–45
		 (ES, DA, DE, EL, EN, FR, IT, NL, PT)",
"Minutes of the sitting of Monday, 9 June 1986","","","","","","","Provisional data","","","","","","ALL_ALL, PUBLISHED_IN_OJ","1986-07-14","1986-07-14","Not available","","","","","","","OJ C 176, 14/07/1986, p. 1–24
		 (ES, DA, DE, EL, EN, FR, IT, NL, PT)",
"86/353/EEC, Euratom, ECSC: Final Adoption of the general budget of the European Communities for the financial year 1986","","31986B0353","","","","","Budget","","https://eur-lex.europa.eu/legal-content/AUTO/?uri=CELEX:11957E203, https://eur-lex.europa.eu/legal-content/AUTO/?uri=CELEX:31977Q1231, https://eur-lex.europa.eu/legal-content/AUTO/?uri=CELEX:11951K078, https://eur-lex.europa.eu/legal-content/AUTO/?uri=CELEX:11957A177","","","","ALL_ALL, EU_LAW_ALL, LEGISLATION, PUBLISHED_IN_OJ","1986-07-10","1986-08-04","European Parliament","1986-01-01","1986-12-31","","","","false","OJ L 214, 04/08/1986, p. 1–339
		 (ES, DA, DE, EL, EN, FR, IT, NL, PT)",
"OPINION OF THE ECONOMIC AND SOCIAL COMMITTEE ON THE PROPOSAL FOR A COUNCIL DECISION AMENDING, ON ACCOUNT OF THE ACCESSION OF SPAIN AND PORTUGAL, DECISION 82/752/EEC ON THE ADOPTION OF A EUROPEAN ECONOMIC COMMUNITY RESEARCH AND DEVELOPMENT PROGRAMME FOR A MACHINE TRANSLATION SYSTEM OF ADVANCED DESIGN - EUROTRA","","51986AC0505","","","","","Opinion","","https://eur-lex.europa.eu/legal-content/AUTO/?uri=CELEX:11957E198","","","","ALL_ALL, EU_LAW_ALL, PRE_ACTS, PUBLISHED_IN_OJ","1986-05-21","1986-08-18","European Economic and Social Committee","","1986-11-26","","","","","OJ C 207, 18/08/1986, p. 13–14
		 (ES, DA, DE, EL, EN, FR, IT, NL, PT)",
"OWN-INITIATIVE OPINION OF THE ECONOMIC AND SOCIAL COMMITTEE ON THE EC SHARED COST RESEARCH, DEVELOPMENT AND DEMONSTRATION PROGRAMMES","","51986IE0506","","","","","Own-initiative opinion","","https://eur-lex.europa.eu/legal-content/AUTO/?uri=CELEX:31974Q0428","","","","ALL_ALL, EU_LAW_ALL, PRE_ACTS, PUBLISHED_IN_OJ","1986-05-21","1986-08-18","European Economic and Social Committee","","No end date","","","","","OJ C 207, 18/08/1986, p. 14–21
		 (ES, DA, DE, EL, EN, FR, IT, NL, PT)",
"Minutes of the sitting of Monday, 14 April 1986","","","","","","","Provisional data","","","","","","ALL_ALL, PUBLISHED_IN_OJ","1986-05-20","1986-05-20","Not available","","","","","","","OJ C 120, 20/05/1986, p. 1–21
		 (DA, DE, EL, EN, FR, IT, NL), OJ C 120, 20/05/1986, p. 1–22
		 (ES, PT)",
"THE SCIENCE AND TECHNOLOGY COMMUNITY GUIDELINES FOR A NEW COMMUNITY FRAMEWORK PROGRAMME OF TECHNOLOGICAL RESEARCH AND DEVELOPMENT 1987-1991","/* COM/86/0129 FINAL */","51986DC0129","","","","","Communication","","","","","","ALL_ALL, EU_LAW_ALL, PRE_ACTS","1986-03-17","","European Commission","","","","","","","",
"AMENDED PROPOSAL FOR A COUNCIL DECISION COM ( 85 ) 676 FINAL OF 25 NOVEMBER 1985 AMENDING, WITH REGARD TO THE ACCESSION OF SPAIN AND PORTUGAL, DECISION 82/752/EEC ON THE ADOPTION OF A EUROPEAN ECONOMIC COMMUNITY RESEARCH AND DEVELOPMENT PROGRAMME FOR A MACHINE TRANSLATION SYSTEM OF ADVANCED DESIGN ( EUROTRA )","/* COM/86/94FINAL */","51986PC0094","","","","","Amended proposal for a decision","","https://eur-lex.europa.eu/legal-content/AUTO/?uri=CELEX:11957E149, https://eur-lex.europa.eu/legal-content/AUTO/?uri=CELEX:11985I396","","","","ALL_ALL, EU_LAW_ALL, PRE_ACTS","1986-02-27","","European Commission","","1986-11-26","","","","","",
"85/554/ECSC, EEC, Euratom: Final Adoption of the general budget of the European Communities for the financial year 1986","","31985B0554","","","","","Budget","","https://eur-lex.europa.eu/legal-content/AUTO/?uri=CELEX:11957E203, https://eur-lex.europa.eu/legal-content/AUTO/?uri=CELEX:31977Q1231, https://eur-lex.europa.eu/legal-content/AUTO/?uri=CELEX:11951K078, https://eur-lex.europa.eu/legal-content/AUTO/?uri=CELEX:11957A177","","","","ALL_ALL, EU_LAW_ALL, LEGISLATION, PUBLISHED_IN_OJ","1985-12-18","1985-12-31","European Parliament","1986-01-01","1986-07-03","","","","false","OJ L 358, 31/12/1985, p. 1–1343
		 (DA, DE, EL, EN, FR, IT, NL)",
"85/363/ECSC, EEC, Euratom: Final Adoption of the general budget of the European Communities for the financial year 1985","","31985B0363","","","","","Budget","","https://eur-lex.europa.eu/legal-content/AUTO/?uri=CELEX:11951K078, https://eur-lex.europa.eu/legal-content/AUTO/?uri=CELEX:11957A177, https://eur-lex.europa.eu/legal-content/AUTO/?uri=CELEX:11957E203, https://eur-lex.europa.eu/legal-content/AUTO/?uri=CELEX:31977Q1231","","","","ALL_ALL, EU_LAW_ALL, LEGISLATION, PUBLISHED_IN_OJ","1985-06-13","1985-08-05","European Parliament","1985-01-01","1985-12-31","","","","false","OJ L 206, 05/08/1985, p. 1–1247
		 (DA, DE, EL, EN, FR, IT, NL)",
"Minutes of the sitting of Thursday, 9 May 1985","","","","","","","Provisional data","","","","","","ALL_ALL, PUBLISHED_IN_OJ","1985-06-10","1985-06-10","Not available","","","","","","","OJ C 141, 10/06/1985, p. 132–470
		 (DA, DE, EL, EN, FR, IT, NL)",
"Minutes of the sitting of Wednesday, 14 November 1984","","","","","","","Provisional data","","","","","","ALL_ALL, PUBLISHED_IN_OJ","1984-12-17","1984-12-17","Not available","","","","","","","OJ C 337, 17/12/1984, p. 20–401
		 (DA, DE, EL, EN, FR, IT, NL)",
"Court of Auditors - Annual Report concerning the financial year 1983 accompanied by the replies of the institutions","","31984Y1231(01)","","","","","Report","","https://eur-lex.europa.eu/legal-content/AUTO/?uri=CELEX:11957A180BIS, https://eur-lex.europa.eu/legal-content/AUTO/?uri=CELEX:11951K078SEPTIMO, https://eur-lex.europa.eu/legal-content/AUTO/?uri=CELEX:31977Q1231, https://eur-lex.europa.eu/legal-content/AUTO/?uri=CELEX:11957E206BIS","","","","ALL_ALL, EU_LAW_ALL, LEGISLATION, PUBLISHED_IN_OJ","1984-11-22","1984-12-31","European Court of Auditors","","1984-12-31","","","","false","OJ C 348, 31/12/1984, p. 1–253
		 (DA, DE, EL, EN, FR, IT, NL)",
"Written Questions with answer:","","","","","","","Provisional data","","","","","","ALL_ALL, PUBLISHED_IN_OJ","1983-05-16","1983-05-16","Not available","","","","","","","OJ C 129, 16/05/1983, p. 1–34
		 (DA, DE, EL, EN, FR, IT, NL)",
"Draft Council Decision I. dealing with structures and procedures for decision-making in the field of science and technology II. dealing with structures and procedures for the management and coordination of Community research, development and demonstration activities","","","","","","","Provisional data","","","","","","ALL_ALL, PUBLISHED_IN_OJ","1983-04-27","1983-04-27","Not available","","","","","","","OJ C 113, 27/04/1983, p. 4–8
		 (DA, DE, EL, EN, FR, IT, NL)",
"DRAFT COUNCIL DECISION OF DEALING WITH STRUCTURES AND PROCEDURES FOR DECISION MAKING IN THE FIELD OF SCIENCE AND TECHNOLOGY","/* COM/83/143FINAL */","51983PC0143(02)","","","","","Draft decision","","https://eur-lex.europa.eu/legal-content/AUTO/?uri=CELEX:11957E, https://eur-lex.europa.eu/legal-content/AUTO/?uri=CELEX:11957A, https://eur-lex.europa.eu/legal-content/AUTO/?uri=CELEX:11951K","","","","ALL_ALL, EU_LAW_ALL, PRE_ACTS, PUBLISHED_IN_OJ","1983-03-16","1983-04-27","European Commission","","1985-11-07","","","","","OJ C 113, 27/04/1983, p. 4–5
		 (DA, DE, EL, EN, FR, IT, NL)",
"Annual report concerning the financial year 1981 accompanied by the replies of the institutions","","31982Y1231(02)","","","","","Report","","https://eur-lex.europa.eu/legal-content/AUTO/?uri=CELEX:11957E206BIS, https://eur-lex.europa.eu/legal-content/AUTO/?uri=CELEX:11951K078SEPTIMO, https://eur-lex.europa.eu/legal-content/AUTO/?uri=CELEX:11957A180BIS, https://eur-lex.europa.eu/legal-content/AUTO/?uri=CELEX:31977Q1231","","","","ALL_ALL, EU_LAW_ALL, LEGISLATION, PUBLISHED_IN_OJ","1982-11-25","1982-12-31, 1986-01-01","European Court of Auditors","","1982-12-31","","","","false","OJ C 344, 31/12/1982, p. 1–217
		 (DA, DE, EL, EN, FR, IT, NL), This document has been published in a special edition(s) (
           		ES, PT)
		",
"Minutes of the sitting of Thursday, 28 October 1982","","","","","","","Provisional data","","","","","","ALL_ALL, PUBLISHED_IN_OJ","1982-11-22","1982-11-22","Not available","","","","","","","OJ C 304, 22/11/1982, p. 10–251
		 (DA, DE, EL, EN, FR, IT, NL)",
"TRANSFER OF APPROPRIATIONS No 45/82 (Non-compulsory expenditure)","COM/1982/0753 final","51982DC0753","","","","","Draft budget","","","","","","ALL_ALL, EU_LAW_ALL, PRE_ACTS","1982-11-12","","European Commission","","","","","","","",
"82/752/EEC: Council Decision of 4 November 1982 on the adoption of a European Economic Community research and development programme for a machine translation system of advanced design","","31982D0752","","","","http://data.europa.eu/eli/dec/1982/752/oj","Decision","","https://eur-lex.europa.eu/legal-content/AUTO/?uri=CELEX:11957E235","","","","ALL_ALL, EU_LAW_ALL, LEGISLATION, PUBLISHED_IN_OJ","1982-11-04","1982-11-13, 1986-01-01","Council of the European Union","","1990-01-24","","","","false","OJ L 317, 13/11/1982, p. 19–23
		 (DA, DE, EL, EN, FR, IT, NL), This document has been published in a special edition(s) (
           		ES, PT)
		",
"Proposal for a COUNCIL DECISION offering support under the Community support mechanism in the field of data-processing under Council Regulation (EEC) No 1996/79 to Buro voor Systeemontwikkeling of Utrecht and Christian Rovsing of Copenhagen (submitted to the Council by the Commission)","COM/1982/0191 final","51982PC0191","","","","","Proposal for a decision","","","","","","ALL_ALL, EU_LAW_ALL, PRE_ACTS","1982-04-15","","European Commission","","","","","","","",
"Minutes of the sitting of Thursday, 17 December 1981","","","","","","","Provisional data","","","","","","ALL_ALL, PUBLISHED_IN_OJ","1982-01-18","1982-01-18","Not available","","","","","","","OJ C 11, 18/01/1982, p. 52–188
		 (DA, DE, EL, EN, FR, IT, NL)",
"Amended proposal for a Council Decision on the adoption of a European Economic Community research and development programme for a machine translation system of advanced design","","","","","","","Provisional data","","","","","","ALL_ALL, PUBLISHED_IN_OJ","1981-12-15","1981-12-15","Not available","","","","","","","OJ C 328, 15/12/1981, p. 6–14
		 (DA, DE, EL, EN, FR, IT, NL)",
"Minutes of the sitting of Thursday, 5 November 1981","","","","","","","Provisional data","","","","","","ALL_ALL, PUBLISHED_IN_OJ","1981-11-30","1981-11-30","Not available","","","","","","","OJ C 311, 30/11/1981, p. 16–235
		 (DA, DE, EL, EN, FR, IT, NL)",
"Amended Proposal for a COUNCIL DECISION on the adoption of a European Economic Community research and development programme for a machine translation system of advanced design (submitted to the Council by the Commission pursuant to the second paragraph of Article 149 of the EEC Treaty)","COM/1981/0603 final","51981PC0603","","","","","Amended proposal for a decision","","","","","","ALL_ALL, EU_LAW_ALL, PRE_ACTS","1981-11-04","","European Commission","","","","","","","",
"Opinion of the Economic and Social Committee on the proposal for a Council Decision on the adoption of a European Economic Community research and development programme for a machine translation system of advanced design","","51981AC0227","","","","","Opinion","","https://eur-lex.europa.eu/legal-content/AUTO/?uri=CELEX:11957E235, https://eur-lex.europa.eu/legal-content/AUTO/?uri=CELEX:11957E198","","","","ALL_ALL, EU_LAW_ALL, PRE_ACTS, PUBLISHED_IN_OJ","1981-02-25","1981-06-09","European Economic and Social Committee","","No end date","","","","","OJ C 138, 09/06/1981, p. 3–4
		 (DA, DE, EL, EN, FR, IT, NL)",
"Minutes of the sitting of Thursday, 6 November 1980","","","","","","","Provisional data","","","","","","ALL_ALL, PUBLISHED_IN_OJ","1980-12-01","1980-12-01","Not available","","","","","","","OJ C 313, 01/12/1980, p. 14–202
		 (DA, DE, EN, FR, IT, NL)",
"QUESTION NO 77 BY MR NICOLSON (H-522/80) TO THE COUNCIL: EUROTRA PROPOSAL TO AUTOMATE COMMUNITY TRANSLATION","","91980H000522","","","","","Question at question time","","","","","","ALL_ALL, PAR_QUESTION","1980-11-19","","European Parliament, NICOLSON","","","","","","","",
"ANNUAL REPORT OF THE DATA PROCESSING DEPARTMENTS OF THE COMMISSION 1979","COM/1980/0501 final","51980DC0501","","","","","Report","","","","","","ALL_ALL, EU_LAW_ALL, PRE_ACTS","1980-11-06","","European Commission","","","","","","","",
"SECOND PLAN OF ACTION FOR THE IMPROVEMENT OF THE TRANSFER OF INFORMATION BETWEEN EUROPEAN LANGUAGES (Communication from the Commission)#THE CREATION OF A EUROPEAN ADVANCED MACHINE TRANSLATION SYSTELM (EUROTRA) (Communication from the Commission to the Council)#PROPOSAL FOR A COUNCIL DECISION ON THE ADOPTION OF A EUROPEAN ECONOMIC COMMUNITY RESEARCH AND DEVELOPMENT PROGRAMME FOR A MACHINE TRANSLATION SYSTEM OF ADVANCED DESIGN (presented by the Commission to the Council)","COM/1980/0314 final","51980PC0314","","","","","Proposal for a decision","","","","","","ALL_ALL, EU_LAW_ALL, PRE_ACTS","1980-06-10","","European Commission","","","","","","","",
